Genre,Movie-Title
Action,Rebel Moon - Part One: A Child of Fire (2023)
Action,Aquaman and the Lost Kingdom (2023)
Action,Animal (I) (2023)
Action,The Hunger Games: The Ballad of Songbirds & Snakes (2023)
Action,Die Hard (1988)
Action,Salaar (2023)
Action,The Family Plan (2023)
Action,Godzilla Minus One (2023)
Action,Indiana Jones and the Dial of Destiny (2023)
Action,The Creator (2023)
Action,Migration (I) (2023)
Action,Violent Night (2022)
Action,Silent Night (2023)
Action,Top Gun: Maverick (2022)
Action,Napoleon (2023)
Action,Rebel Moon: Part Two - The Scargiver (2024)
Action,Gran Turismo (2023)
Action,Spider-Man: Across the Spider-Verse (2023)
Action,The Hunger Games (2012)
Action,The Killer (2023)
Adventure,Wonka (2023)
Adventure,Barbie (I) (2023)
Adventure,Elf (2003)
Adventure,Home Alone 2: Lost in New York (1992)
Adventure,Chicken Run: Dawn of the Nugget (2023)
Adventure,The Polar Express (2004)
Adventure,The Boy and the Heron (2023)
Adventure,The Super Mario Bros. Movie (2023)
Adventure,Trolls Band Together (2023)
Adventure,Klaus (2019)
Animation,The Grinch (2018)
Animation,Wish (II) (2023)
Animation,Leo (I) (2023)
Animation,A Christmas Carol (2009)
Animation,The Lion King (2019)
Animation,Chicken Run (2000)
Animation,Sing 2 (2021)
Animation,The Nightmare Before Christmas (1993)
Animation,Elemental (2023)
Animation,Sing (2016)
Animation,Kung Fu Panda 4 (2024)
Animation,Teenage Mutant Ninja Turtles: Mutant Mayhem (2023)
Comedy,Saltburn (2023)
Comedy,Anyone But You (2023)
Comedy,Poor Things (2023)
Comedy,Love Actually (2003)
Comedy,Home Alone (1990)
Comedy,Dunki (2023)
Comedy,National Lampoon's Christmas Vacation (1989)
Comedy,A Christmas Story (1983)
Comedy,How the Grinch Stole Christmas (2000)
Comedy,The Holdovers (2023)
Comedy,White Christmas (1954)
Comedy,Dream Scenario (2023)
Comedy,Candy Cane Lane (I) (2023)
Comedy,May December (2023)
Crime,Killers of the Flower Moon (2023)
Crime,Sound of Freedom (2023)
Crime,Anatomy of a Fall (2023)
Crime,A Haunting in Venice (2023)
Crime,The Batman (2022)
Crime,Love Lies Bleeding (2024)
Crime,Finestkind (2023)
Crime,Home Alone 3 (1997)
Crime,The Godfather (1972)
Crime,John Wick: Chapter 4 (2023)
Crime,Bad Santa (2003)
Crime,Joker: Folie à Deux (2024)
Crime,The Wolf of Wall Street (2013)
Crime,Promising Young Woman (2020)
Crime,Reptile (2023)
Crime,Fast X (2023)
Crime,Pulp Fiction (1994)
Drama,Leave the World Behind (2023)
Drama,Maestro (2023)
Drama,The Iron Claw (2023)
Drama,Oppenheimer (I) (2023)
Drama,It's a Wonderful Life (1946)
Drama,Ferrari (2023)
Drama,The Colour Purple (2023)
Drama,Parasite (2019)
Drama,The Boys in the Boat (2023)
Fantasy,Scrooged (1988)
Fantasy,Miracle on 34th Street (1994)
Fantasy,Harry Potter and the Philosopher's Stone (2001)
Horror,Thanksgiving (I) (2023)
Horror,Gremlins (1984)
Horror,Sijjin (2023)
Horror,X (II) (2022)
Horror,Five Nights at Freddy's (2023)
Horror,Talk to Me (I) (2022)
Horror,The Killing of a Sacred Deer (2017)
Horror,Beau Is Afraid (2023)
Horror,Krampus (I) (2015)
Horror,Midsommar (2019)
Horror,Night Swim (2024)
Horror,Gremlins 3
Horror,When Evil Lurks (2023)
Horror,Meg 2: The Trench (2023)
Horror,The Menu (2022)
Horror,Pearl (2022)
Horror,Black Christmas (1974)
Mystery,Harry Potter and the Goblet of Fire (2005)
Mystery,Maggie Moore(s) (2023)
Mystery,Mr. Monk's Last Case: A Monk Movie (2023)
Mystery,Invitation to a Murder (2023)
Mystery,Don't Worry Darling (I) (2022)
Mystery,Prisoners (2013)
Romance,The Holiday (2006)
Romance,Kho Gaye Hum Kahan (2023)
Romance,Past Lives (2023)
Romance,No Hard Feelings (2023)
Romance,The Sound of Music (1965)
Romance,Priscilla (2023)
Romance,Asteroid City (2023)
Romance,Last Christmas (2019)
Romance,Four Christmases (2008)
Romance,A Wine Country Christmas (2023)
Sci-Fi,Dune (2021)
Sci-Fi,Aquaman (2018)
Sci-Fi,Dune: Part Two (2024)
Sci-Fi,Everything Everywhere All at Once (2022)
Sci-Fi,Interstellar (2014)
Sci-Fi,Guardians of the Galaxy Vol. 3 (2023)
Sci-Fi,The Hunger Games: Catching Fire (2013)
Sci-Fi,Mad Max: Fury Road (2015)
Sci-Fi,The Flash (I) (2023)
Thriller,Mission: Impossible - Dead Reckoning Part One (2023)
Biography,12th Fail (2023)
Biography,The Promised Land (2023)
Biography,Bank of Dave (2023)
Biography,One Life (2023)
Biography,GoodFellas (1990)
Biography,Schindler's List (1993)
Biography,Catch Me If You Can (2002)
Biography,House of Gucci (2021)
Biography,Nyad (2023)
Biography,The Man Who Invented Christmas (2017)
Documentary,Curry & Cyanide: The Jolly Joseph Case (2023)
Documentary,Hell Camp: Teen Nightmare (2023)
Documentary,Taylor Swift: The Eras Tour (2023)
Documentary,Mommy Dead and Dearest (2017)
Documentary,American Symphony (2023)
Documentary,Smoke Sauna Sisterhood (2023)
Documentary,Renaissance: A Film by Beyoncé (2023)
Documentary,Occupied City (2023)
Documentary,Trevor Noah: Where Was I (2023)
Documentary,"Great Photo, Lovely Life (2023)"
Documentary,Dr. Death: Cutthroat Conman (2023)
Documentary,Take Care of Maya (2023)
Documentary,Still: A Michael J. Fox Movie (II) (2023)
Documentary,The Deepest Breath (2023)
Documentary,Daniel (II) (2023)
Documentary,20 Days in Mariupol (2023)
Documentary,David Holmes: The Boy Who Lived (2023)
Documentary,Filling in the Blanks (2023)
Documentary,The Mission (2023)
Documentary,Last Stop Larrimah (2023)
Family,Family Switch (2023)
Family,Spirited (2022)
Film-Noir,The Big Sleep (1946)
Film-Noir,Sunset Blvd. (1950)
Film-Noir,Suspicion (1941)
Film-Noir,Angels with Dirty Faces (1938)
Film-Noir,Strangers on a Train (1951)
Film-Noir,Double Indemnity (1944)
Film-Noir,The Third Man (1949)
Film-Noir,The Maltese Falcon (1941)
Film-Noir,The Night of the Hunter (1955)
Film-Noir,Rebecca (1940)
Film-Noir,Notorious (1946)
Film-Noir,To Have and Have Not (1944)
Film-Noir,Touch of Evil (1958)
Film-Noir,Niagara (1953)
Film-Noir,The Killing (1956)
Film-Noir,Shadow of a Doubt (1943)
Film-Noir,Out of the Past (1947)
Film-Noir,Laura (1944)
Film-Noir,Lured (1947)
Film-Noir,In a Lonely Place (1950)
History,The Zone of Interest (2023)
History,Babylon (I) (2022)
History,Society of the Snow (2023)
History,The Northman (2022)
History,The Great Escape (1963)
History,The Book of Clarence (2023)
History,The Favourite (2018)
History,BlackBerry (2023)
History,Braveheart (1995)
History,The Three Musketeers: D'Artagnan (2023)
History,Amsterdam (2022)
Music,Whiplash (2014)
Music,Holiday Inn (1942)
Music,La La Land (2016)
Music,Elvis (2022)
Music,Green Book (2018)
Music,Trolls (2016)
Music,Tár (2022)
Music,Pitch Perfect (2012)
Music,Bob Marley: One Love (2024)
Music,A Star Is Born (2018)
Music,The Pianist (2002)
Music,CODA (2021)
Music,Baby Driver (2017)
Music,Saturday Night Fever (1977)
Music,Almost Famous (2000)
Music,Marry Me (2022)
Musical,Mean Girls (2024)
Musical,The Muppet Christmas Carol (1992)
Musical,Willy Wonka & the Chocolate Factory (1971)
Musical,Charlie and the Chocolate Factory (2005)
Musical,The Wizard of Oz (1939)
Musical,Chitty Chitty Bang Bang (1968)
Musical,Beauty and the Beast (I) (2017)
Sport,Next Goal Wins (2023)
Sport,Air (I) (2023)
Sport,Le Mans '66 (2019)
Sport,Dodgeball: A True Underdog Story (2004)
Sport,Lady Ballers (2023)
Sport,Cars (2006)
Sport,Chariots of Fire (1981)
Sport,She's the Man (2006)
Sport,Rocky (1976)
Sport,The Karate Kid (1984)
Sport,American Underdog (2021)
Sport,Moneyball (2011)
Sport,Rush (I) (2013)
Sport,Champions (2023)
Sport,Happy Gilmore (1996)
Sport,Believe (I) (2013)
War,Inglourious Basterds (2009)
War,Expend4bles (2023)
War,The Covenant (2023)
War,Last Flag Flying (2017)
War,The Deer Hunter (1978)
War,Sisu (2022)
War,Saving Private Ryan (1998)
War,Army of the Dead (2021)
War,Gone with the Wind (1939)
War,Casablanca (1942)
War,Dunkirk (2017)
War,Fighter (2024)
War,1917 (2019)
War,Kingdom of Heaven (2005)
War,All Quiet on the Western Front (2022)
Western,Wind River (2017)
Western,Django Unchained (2012)
Western,Tombstone (1993)
Western,The Hateful Eight (2015)
Western,The Magnificent Seven (2016)
Western,"The Good, the Bad and the Ugly (1966)"
Western,The Revenant (I) (2015)
Western,Bone Tomahawk (2015)
Western,Butcher's Crossing (2022)
Western,Hell or High Water (II) (2016)
Western,Unforgiven (1992)
Western,Once Upon a Time in the West (1968)
Western,The Magnificent Seven (1960)
Western,The Ballad of Buster Scruggs (2018)
Western,El Camino Christmas (2017)
Western,Dances with Wolves (1990)
Western,Legends of the Fall (1994)
Western,Blazing Saddles (1974)
Western,For a Few Dollars More (1965)
Game-Show,Hands on a Hardbody: The Documentary (1997)
Game-Show,Vegas Vikings (2014)
Game-Show,The Gamer and the Mouth (2023)
Game-Show,2062 (2015)
Game-Show,Ultimate crown (MrBeast VS Ninja)
Game-Show,Million Dollar Razzle Dazzle (2022)
Game-Show,Rakshak: The Vigilante (2024)
Game-Show,Worlds Apart (III) (2020)
Game-Show,Fractures 2 (2020)
Game-Show,I Am an Alien
Game-Show,Level 48 (2014)
Game-Show,Hobby show «Oknutye people» (2023)
Game-Show,Onside (2021)
Game-Show,UnEarthed (2023)
Game-Show,Anything
Game-Show,The Coming One - Girls (2019)
Game-Show,Fractures (2018)
Game-Show,Meta Mogul Challenge
Game-Show,Les Maîtres des Jeux télé (2019)
Game-Show,In Bax (2022)
News,Beyond Utopia (2023)
News,While We Watched (2022)
News,Before the Flood (2016)
News,"Food, Inc. (2008)"
News,A Storm Foretold (2023)
News,A Sexplanation (2021)
News,Ukraine Is Not a Brothel (2013)
News,Born Into Brothels: Calcutta's Red Light Kids (2004)
News,India's Daughter (I) (2015)
News,The Square (2013)
News,The Engineer (2013)
News,Root Cause (2019)
News,Requiem for the American Dream (2015)
News,How to Survive a Plague (2012)
News,Four Horsemen (2012)
News,The Real Anthony Fauci (2022)
News,Racing Extinction (2015)
News,Age of Consent (2014)
News,We Were Here (I) (2011)
News,The True Cost (2015)
Reality-TV,Santa Camp (2022)
Reality-TV,Dead Hot: Season of the Witch (2023)
Reality-TV,Sidemen Tinder in Real Life 4 (2022)
Reality-TV,"SDMU-075: Art Models Wanted, Nude Modeling, Shameful Art Classes (2014)"
Reality-TV,4K Fireplace (2015)
Reality-TV,Inside Helix (2020)
Reality-TV,La Narcosatánica (2023)
Reality-TV,Morning of the Earth (1972)
Reality-TV,Code Red Planet Earth (2023)
Reality-TV,Twitter Files (2023)
Reality-TV,The Kardashians: Reality Royalty (2020)
Reality-TV,Sex on the Border (1999)
Reality-TV,"Suzu Is Displaying Her Talents, Her Intelligence, and Her Sexual Prowess Suzu Matsuoka (2020)"
Reality-TV,Meet Me in Rome
Reality-TV,Sidemen Charity Match 2022 (Sidemen FC VS Youtube Allstars) (2022)
Reality-TV,"My Mum, Your Dad UK (2023)"
Reality-TV,We Are Gen Z (2023)
Reality-TV,Dark Web: Mystery Box (2020)
Reality-TV,Popwhore: A New American Dream. (2007)
Reality-TV,Blind Surfer with Pete Gustin (2020)
Talk-Show,The First Family of Satan (2002)
Talk-Show,"Kevin Hart Live, Talk Shop Live TV (2023)"
Talk-Show,Star Trek: Picard: The IMAX Live Series Finale Event (2023)
Talk-Show,Awe$ome (2020)
Talk-Show,Oh no! The Rise of Skywalker was real bad (2019)
Talk-Show,"Paris Hilton Live, Talk Shop Live TV (2023)"
Talk-Show,Ali & Cavett: The Tale of the Tapes (2018)
Talk-Show,Celebration of Music (2017)
Talk-Show,Entrepreneur Spirit (2023)
Talk-Show,Ramin Namdar (2023)
Talk-Show,Origins of the Universe (2021)
Talk-Show,Wise Words in a Time of Change: That Will Improve Your Life (2020)
Talk-Show,Haunted Republic: St. Albans Sanatorium (2017)
Talk-Show,City on Fire (2019)
Talk-Show,Allah Made Me Funny: Live in Concert (2008)
Talk-Show,Paul Molinar: Supercut (2024)
Talk-Show,Whoa with Laine Lawson Craft
Talk-Show,Bridging Heaven & Earth: Carlos Castaneda (1995)
Talk-Show,Bats of the Round Table (2014)
Talk-Show,Marc Evan Jackson and His Friends from Work (2020)
